occurrence_id,filename,video_duration_in_seconds,cam_id,record_timestamp,full_path
67ca3d944fe53034cf0c303c,17198_20250307_002851.mp4,299,17198,2025-03-07 00:28:51,test_occurrences/video/67ca3d944fe53034cf0c303c/17198_20250307_002851.mp4
67ca3d944fe53034cf0c303c,17201_20250307_002851.mp4,299,17201,2025-03-07 00:28:51,test_occurrences/video/67ca3d944fe53034cf0c303c/17201_20250307_002851.mp4
67ca3d944fe53034cf0c303c,17200_20250307_002851.mp4,299,17200,2025-03-07 00:28:51,test_occurrences/video/67ca3d944fe53034cf0c303c/17200_20250307_002851.mp4
67ca3d944fe53034cf0c303c,17199_20250307_002851.mp4,299,17199,2025-03-07 00:28:51,test_occurrences/video/67ca3d944fe53034cf0c303c/17199_20250307_002851.mp4
67ca3d944fe53034cf0c303c,17203_20250307_002851.mp4,300,17203,2025-03-07 00:28:51,test_occurrences/video/67ca3d944fe53034cf0c303c/17203_20250307_002851.mp4
67ca3d944fe53034cf0c303c,17202_20250307_002851.mp4,300,17202,2025-03-07 00:28:51,test_occurrences/video/67ca3d944fe53034cf0c303c/17202_20250307_002851.mp4
67ca3d944fe53034cf0c303c,17206_20250307_002852.mp4,300,17206,2025-03-07 00:28:52,test_occurrences/video/67ca3d944fe53034cf0c303c/17206_20250307_002852.mp4
67ca3d944fe53034cf0c303c,17204_20250307_002852.mp4,299,17204,2025-03-07 00:28:52,test_occurrences/video/67ca3d944fe53034cf0c303c/17204_20250307_002852.mp4
67ca3d944fe53034cf0c303c,17205_20250307_002852.mp4,300,17205,2025-03-07 00:28:52,test_occurrences/video/67ca3d944fe53034cf0c303c/17205_20250307_002852.mp4
67ca3d944fe53034cf0c303c,17207_20250307_002851.mp4,300,17207,2025-03-07 00:28:51,test_occurrences/video/67ca3d944fe53034cf0c303c/17207_20250307_002851.mp4
67c18b56b86e1166655f6894,10775_20250228_101013.mp4,299,10775,2025-02-28 10:10:13,test_occurrences/video/67c18b56b86e1166655f6894/10775_20250228_101013.mp4
67c18b56b86e1166655f6894,10774_20250228_101013.mp4,299,10774,2025-02-28 10:10:13,test_occurrences/video/67c18b56b86e1166655f6894/10774_20250228_101013.mp4
67c18b56b86e1166655f6894,10777_20250228_101013.mp4,299,10777,2025-02-28 10:10:13,test_occurrences/video/67c18b56b86e1166655f6894/10777_20250228_101013.mp4
67c18b56b86e1166655f6894,10784_20250228_101013.mp4,299,10784,2025-02-28 10:10:13,test_occurrences/video/67c18b56b86e1166655f6894/10784_20250228_101013.mp4
67c18b56b86e1166655f6894,10785_20250228_101013.mp4,300,10785,2025-02-28 10:10:13,test_occurrences/video/67c18b56b86e1166655f6894/10785_20250228_101013.mp4
67c18b56b86e1166655f6894,10776_20250228_101013.mp4,299,10776,2025-02-28 10:10:13,test_occurrences/video/67c18b56b86e1166655f6894/10776_20250228_101013.mp4
67c18b56b86e1166655f6894,10783_20250228_101013.mp4,299,10783,2025-02-28 10:10:13,test_occurrences/video/67c18b56b86e1166655f6894/10783_20250228_101013.mp4
67c18b56b86e1166655f6894,10770_20250228_101012.mp4,299,10770,2025-02-28 10:10:12,test_occurrences/video/67c18b56b86e1166655f6894/10770_20250228_101012.mp4
67c18b56b86e1166655f6894,10782_20250228_101013.mp4,300,10782,2025-02-28 10:10:13,test_occurrences/video/67c18b56b86e1166655f6894/10782_20250228_101013.mp4
67c18b56b86e1166655f6894,10771_20250228_101013.mp4,300,10771,2025-02-28 10:10:13,test_occurrences/video/67c18b56b86e1166655f6894/10771_20250228_101013.mp4
67c18b56b86e1166655f6894,10772_20250228_101013.mp4,300,10772,2025-02-28 10:10:13,test_occurrences/video/67c18b56b86e1166655f6894/10772_20250228_101013.mp4
67c18b56b86e1166655f6894,10781_20250228_101013.mp4,299,10781,2025-02-28 10:10:13,test_occurrences/video/67c18b56b86e1166655f6894/10781_20250228_101013.mp4
67c18b56b86e1166655f6894,10780_20250228_101013.mp4,299,10780,2025-02-28 10:10:13,test_occurrences/video/67c18b56b86e1166655f6894/10780_20250228_101013.mp4
67c18b56b86e1166655f6894,10773_20250228_101013.mp4,299,10773,2025-02-28 10:10:13,test_occurrences/video/67c18b56b86e1166655f6894/10773_20250228_101013.mp4
67c18b56b86e1166655f6894,10779_20250228_101012.mp4,299,10779,2025-02-28 10:10:12,test_occurrences/video/67c18b56b86e1166655f6894/10779_20250228_101012.mp4
67c18b56b86e1166655f6894,10778_20250228_101013.mp4,299,10778,2025-02-28 10:10:13,test_occurrences/video/67c18b56b86e1166655f6894/10778_20250228_101013.mp4
67c1e073871cb0301024c688,4996_20250228_161320.mp4,156,4996,2025-02-28 16:13:20,test_occurrences/video/67c1e073871cb0301024c688/4996_20250228_161320.mp4
67c1e073871cb0301024c688,4997_20250228_161320.mp4,156,4997,2025-02-28 16:13:20,test_occurrences/video/67c1e073871cb0301024c688/4997_20250228_161320.mp4
67c1e073871cb0301024c688,4995_20250228_161321.mp4,153,4995,2025-02-28 16:13:21,test_occurrences/video/67c1e073871cb0301024c688/4995_20250228_161321.mp4
67c1e073871cb0301024c688,4994_20250228_161321.mp4,153,4994,2025-02-28 16:13:21,test_occurrences/video/67c1e073871cb0301024c688/4994_20250228_161321.mp4
67c1e073871cb0301024c688,4992_20250228_161321.mp4,154,4992,2025-02-28 16:13:21,test_occurrences/video/67c1e073871cb0301024c688/4992_20250228_161321.mp4
67c1e073871cb0301024c688,5000_20250228_161321.mp4,156,5000,2025-02-28 16:13:21,test_occurrences/video/67c1e073871cb0301024c688/5000_20250228_161321.mp4
67c1e073871cb0301024c688,4993_20250228_161321.mp4,154,4993,2025-02-28 16:13:21,test_occurrences/video/67c1e073871cb0301024c688/4993_20250228_161321.mp4
67c1e073871cb0301024c688,5001_20250228_161321.mp4,156,5001,2025-02-28 16:13:21,test_occurrences/video/67c1e073871cb0301024c688/5001_20250228_161321.mp4
67c1e073871cb0301024c688,4989_20250228_161321.mp4,155,4989,2025-02-28 16:13:21,test_occurrences/video/67c1e073871cb0301024c688/4989_20250228_161321.mp4
67c1e073871cb0301024c688,5002_20250228_161321.mp4,155,5002,2025-02-28 16:13:21,test_occurrences/video/67c1e073871cb0301024c688/5002_20250228_161321.mp4
67c1e073871cb0301024c688,4990_20250228_161321.mp4,154,4990,2025-02-28 16:13:21,test_occurrences/video/67c1e073871cb0301024c688/4990_20250228_161321.mp4
67c1e073871cb0301024c688,4988_20250228_161321.mp4,155,4988,2025-02-28 16:13:21,test_occurrences/video/67c1e073871cb0301024c688/4988_20250228_161321.mp4
67c1e073871cb0301024c688,4991_20250228_161321.mp4,154,4991,2025-02-28 16:13:21,test_occurrences/video/67c1e073871cb0301024c688/4991_20250228_161321.mp4
67c1e073871cb0301024c688,4987_20250228_161320.mp4,156,4987,2025-02-28 16:13:20,test_occurrences/video/67c1e073871cb0301024c688/4987_20250228_161320.mp4
67c1e073871cb0301024c688,4998_20250228_161320.mp4,156,4998,2025-02-28 16:13:20,test_occurrences/video/67c1e073871cb0301024c688/4998_20250228_161320.mp4
67c1e073871cb0301024c688,4999_20250228_161321.mp4,156,4999,2025-02-28 16:13:21,test_occurrences/video/67c1e073871cb0301024c688/4999_20250228_161321.mp4
67b8c723120b2709fd8ebe9c,40432_20250221_185338.mp4,37,40432,2025-02-21 18:53:38,test_occurrences/video/67b8c723120b2709fd8ebe9c/40432_20250221_185338.mp4
67b8c723120b2709fd8ebe9c,40424_20250221_185342.mp4,32,40424,2025-02-21 18:53:42,test_occurrences/video/67b8c723120b2709fd8ebe9c/40424_20250221_185342.mp4
67b8c723120b2709fd8ebe9c,40425_20250221_185342.mp4,31,40425,2025-02-21 18:53:42,test_occurrences/video/67b8c723120b2709fd8ebe9c/40425_20250221_185342.mp4
67b8c723120b2709fd8ebe9c,40422_20250221_185025.mp4,38,40422,2025-02-21 18:50:25,test_occurrences/video/67b8c723120b2709fd8ebe9c/40422_20250221_185025.mp4
67b8c723120b2709fd8ebe9c,40426_20250221_185342.mp4,28,40426,2025-02-21 18:53:42,test_occurrences/video/67b8c723120b2709fd8ebe9c/40426_20250221_185342.mp4
67b8c723120b2709fd8ebe9c,40427_20250221_185342.mp4,31,40427,2025-02-21 18:53:42,test_occurrences/video/67b8c723120b2709fd8ebe9c/40427_20250221_185342.mp4
67b8c723120b2709fd8ebe9c,40423_20250221_185342.mp4,32,40423,2025-02-21 18:53:42,test_occurrences/video/67b8c723120b2709fd8ebe9c/40423_20250221_185342.mp4
67b8c723120b2709fd8ebe9c,40431_20250221_185032.mp4,37,40431,2025-02-21 18:50:32,test_occurrences/video/67b8c723120b2709fd8ebe9c/40431_20250221_185032.mp4
67b8c723120b2709fd8ebe9c,40434_20250221_185342.mp4,32,40434,2025-02-21 18:53:42,test_occurrences/video/67b8c723120b2709fd8ebe9c/40434_20250221_185342.mp4
67b8c723120b2709fd8ebe9c,40433_20250221_185342.mp4,32,40433,2025-02-21 18:53:42,test_occurrences/video/67b8c723120b2709fd8ebe9c/40433_20250221_185342.mp4
67b8c723120b2709fd8ebe9c,40428_20250221_185342.mp4,32,40428,2025-02-21 18:53:42,test_occurrences/video/67b8c723120b2709fd8ebe9c/40428_20250221_185342.mp4
67b8c723120b2709fd8ebe9c,40430_20250221_185342.mp4,35,40430,2025-02-21 18:53:42,test_occurrences/video/67b8c723120b2709fd8ebe9c/40430_20250221_185342.mp4
67b8c723120b2709fd8ebe9c,40429_20250221_185342.mp4,31,40429,2025-02-21 18:53:42,test_occurrences/video/67b8c723120b2709fd8ebe9c/40429_20250221_185342.mp4
67c56e54871cb03010debc74,9359_20250303_085600.mp4,15,9359,2025-03-03 08:56:00,test_occurrences/video/67c56e54871cb03010debc74/9359_20250303_085600.mp4
67c2c510b86e1166654169ef,53859_20250301_082826.mp4,299,53859,2025-03-01 08:28:26,test_occurrences/video/67c2c510b86e1166654169ef/53859_20250301_082826.mp4
67c2c510b86e1166654169ef,53864_20250301_082832.mp4,299,53864,2025-03-01 08:28:32,test_occurrences/video/67c2c510b86e1166654169ef/53864_20250301_082832.mp4
67c2c510b86e1166654169ef,53861_20250301_082830.mp4,299,53861,2025-03-01 08:28:30,test_occurrences/video/67c2c510b86e1166654169ef/53861_20250301_082830.mp4
67c2c510b86e1166654169ef,53862_20250301_082830.mp4,299,53862,2025-03-01 08:28:30,test_occurrences/video/67c2c510b86e1166654169ef/53862_20250301_082830.mp4
67c2c510b86e1166654169ef,53860_20250301_082827.mp4,299,53860,2025-03-01 08:28:27,test_occurrences/video/67c2c510b86e1166654169ef/53860_20250301_082827.mp4
67c2c510b86e1166654169ef,53863_20250301_082831.mp4,299,53863,2025-03-01 08:28:31,test_occurrences/video/67c2c510b86e1166654169ef/53863_20250301_082831.mp4
67caf76edba1563e9204c48e,7646_20250307_134155.mp4,299,7646,2025-03-07 13:41:55,test_occurrences/video/67caf76edba1563e9204c48e/7646_20250307_134155.mp4
67caf76edba1563e9204c48e,7647_20250307_134155.mp4,299,7647,2025-03-07 13:41:55,test_occurrences/video/67caf76edba1563e9204c48e/7647_20250307_134155.mp4
67caf76edba1563e9204c48e,7644_20250307_134155.mp4,299,7644,2025-03-07 13:41:55,test_occurrences/video/67caf76edba1563e9204c48e/7644_20250307_134155.mp4
67caf76edba1563e9204c48e,7645_20250307_134155.mp4,299,7645,2025-03-07 13:41:55,test_occurrences/video/67caf76edba1563e9204c48e/7645_20250307_134155.mp4
67caf76edba1563e9204c48e,7643_20250307_134155.mp4,299,7643,2025-03-07 13:41:55,test_occurrences/video/67caf76edba1563e9204c48e/7643_20250307_134155.mp4
67caf76edba1563e9204c48e,7642_20250307_134155.mp4,299,7642,2025-03-07 13:41:55,test_occurrences/video/67caf76edba1563e9204c48e/7642_20250307_134155.mp4
67caf76edba1563e9204c48e,7641_20250307_134155.mp4,299,7641,2025-03-07 13:41:55,test_occurrences/video/67caf76edba1563e9204c48e/7641_20250307_134155.mp4
67caf76edba1563e9204c48e,7640_20250307_134155.mp4,299,7640,2025-03-07 13:41:55,test_occurrences/video/67caf76edba1563e9204c48e/7640_20250307_134155.mp4
67caf76edba1563e9204c48e,16312_20250307_134155.mp4,299,16312,2025-03-07 13:41:55,test_occurrences/video/67caf76edba1563e9204c48e/16312_20250307_134155.mp4
67caf76edba1563e9204c48e,16311_20250307_134155.mp4,299,16311,2025-03-07 13:41:55,test_occurrences/video/67caf76edba1563e9204c48e/16311_20250307_134155.mp4
67caf76edba1563e9204c48e,7639_20250307_134155.mp4,300,7639,2025-03-07 13:41:55,test_occurrences/video/67caf76edba1563e9204c48e/7639_20250307_134155.mp4
67b8481f120b2709fda68c3f,34721_20250221_093219.mp4,26,34721,2025-02-21 09:32:19,test_occurrences/video/67b8481f120b2709fda68c3f/34721_20250221_093219.mp4
67b8481f120b2709fda68c3f,34720_20250221_093219.mp4,26,34720,2025-02-21 09:32:19,test_occurrences/video/67b8481f120b2709fda68c3f/34720_20250221_093219.mp4
67b8481f120b2709fda68c3f,8984_20250221_093219.mp4,27,8984,2025-02-21 09:32:19,test_occurrences/video/67b8481f120b2709fda68c3f/8984_20250221_093219.mp4
67b8481f120b2709fda68c3f,8985_20250221_093219.mp4,26,8985,2025-02-21 09:32:19,test_occurrences/video/67b8481f120b2709fda68c3f/8985_20250221_093219.mp4
67b8481f120b2709fda68c3f,8986_20250221_093219.mp4,26,8986,2025-02-21 09:32:19,test_occurrences/video/67b8481f120b2709fda68c3f/8986_20250221_093219.mp4
67b8481f120b2709fda68c3f,8981_20250221_093219.mp4,27,8981,2025-02-21 09:32:19,test_occurrences/video/67b8481f120b2709fda68c3f/8981_20250221_093219.mp4
67b8481f120b2709fda68c3f,8983_20250221_093219.mp4,26,8983,2025-02-21 09:32:19,test_occurrences/video/67b8481f120b2709fda68c3f/8983_20250221_093219.mp4
67b8481f120b2709fda68c3f,8982_20250221_093219.mp4,27,8982,2025-02-21 09:32:19,test_occurrences/video/67b8481f120b2709fda68c3f/8982_20250221_093219.mp4
67c4e2d5b86e1166650aad45,55409_20250302_230353.mp4,300,55409,2025-03-02 23:03:53,test_occurrences/video/67c4e2d5b86e1166650aad45/55409_20250302_230353.mp4
67c4e2d5b86e1166650aad45,55410_20250302_230353.mp4,300,55410,2025-03-02 23:03:53,test_occurrences/video/67c4e2d5b86e1166650aad45/55410_20250302_230353.mp4
67c4e2d5b86e1166650aad45,55408_20250302_230353.mp4,299,55408,2025-03-02 23:03:53,test_occurrences/video/67c4e2d5b86e1166650aad45/55408_20250302_230353.mp4
67c4e2d5b86e1166650aad45,55407_20250302_230353.mp4,300,55407,2025-03-02 23:03:53,test_occurrences/video/67c4e2d5b86e1166650aad45/55407_20250302_230353.mp4
67c4e2d5b86e1166650aad45,55406_20250302_230353.mp4,300,55406,2025-03-02 23:03:53,test_occurrences/video/67c4e2d5b86e1166650aad45/55406_20250302_230353.mp4
67c1ad60b86e116665a25a93,18261_20250228_124222.mp4,300,18261,2025-02-28 12:42:22,test_occurrences/video/67c1ad60b86e116665a25a93/18261_20250228_124222.mp4
67c1ad60b86e116665a25a93,18260_20250228_124222.mp4,299,18260,2025-02-28 12:42:22,test_occurrences/video/67c1ad60b86e116665a25a93/18260_20250228_124222.mp4
67c1ad60b86e116665a25a93,18263_20250228_124222.mp4,300,18263,2025-02-28 12:42:22,test_occurrences/video/67c1ad60b86e116665a25a93/18263_20250228_124222.mp4
67c1ad60b86e116665a25a93,18262_20250228_124222.mp4,299,18262,2025-02-28 12:42:22,test_occurrences/video/67c1ad60b86e116665a25a93/18262_20250228_124222.mp4
67c1ad60b86e116665a25a93,18264_20250228_124222.mp4,300,18264,2025-02-28 12:42:22,test_occurrences/video/67c1ad60b86e116665a25a93/18264_20250228_124222.mp4
67c1ad60b86e116665a25a93,18259_20250228_124222.mp4,299,18259,2025-02-28 12:42:22,test_occurrences/video/67c1ad60b86e116665a25a93/18259_20250228_124222.mp4
67c1ad60b86e116665a25a93,18258_20250228_124221.mp4,299,18258,2025-02-28 12:42:21,test_occurrences/video/67c1ad60b86e116665a25a93/18258_20250228_124221.mp4
67c1ad60b86e116665a25a93,18257_20250228_124222.mp4,299,18257,2025-02-28 12:42:22,test_occurrences/video/67c1ad60b86e116665a25a93/18257_20250228_124222.mp4
67c1ad60b86e116665a25a93,18256_20250228_124222.mp4,299,18256,2025-02-28 12:42:22,test_occurrences/video/67c1ad60b86e116665a25a93/18256_20250228_124222.mp4
67c1ad60b86e116665a25a93,18255_20250228_124222.mp4,299,18255,2025-02-28 12:42:22,test_occurrences/video/67c1ad60b86e116665a25a93/18255_20250228_124222.mp4
67c1ad60b86e116665a25a93,18254_20250228_124222.mp4,299,18254,2025-02-28 12:42:22,test_occurrences/video/67c1ad60b86e116665a25a93/18254_20250228_124222.mp4
67c1ad60b86e116665a25a93,18249_20250228_124221.mp4,299,18249,2025-02-28 12:42:21,test_occurrences/video/67c1ad60b86e116665a25a93/18249_20250228_124221.mp4
67c1ad60b86e116665a25a93,18252_20250228_124222.mp4,299,18252,2025-02-28 12:42:22,test_occurrences/video/67c1ad60b86e116665a25a93/18252_20250228_124222.mp4
67c1ad60b86e116665a25a93,18253_20250228_124222.mp4,300,18253,2025-02-28 12:42:22,test_occurrences/video/67c1ad60b86e116665a25a93/18253_20250228_124222.mp4
67c1ad60b86e116665a25a93,18250_20250228_124222.mp4,300,18250,2025-02-28 12:42:22,test_occurrences/video/67c1ad60b86e116665a25a93/18250_20250228_124222.mp4
67c1ad60b86e116665a25a93,18251_20250228_124222.mp4,299,18251,2025-02-28 12:42:22,test_occurrences/video/67c1ad60b86e116665a25a93/18251_20250228_124222.mp4
67cac793dba1563e92a8db1f,6986_20250307_101724.mp4,300,6986,2025-03-07 10:17:24,test_occurrences/video/67cac793dba1563e92a8db1f/6986_20250307_101724.mp4
67cac793dba1563e92a8db1f,6987_20250307_101724.mp4,300,6987,2025-03-07 10:17:24,test_occurrences/video/67cac793dba1563e92a8db1f/6987_20250307_101724.mp4
67cac793dba1563e92a8db1f,6984_20250307_101724.mp4,299,6984,2025-03-07 10:17:24,test_occurrences/video/67cac793dba1563e92a8db1f/6984_20250307_101724.mp4
67cac793dba1563e92a8db1f,6985_20250307_101724.mp4,299,6985,2025-03-07 10:17:24,test_occurrences/video/67cac793dba1563e92a8db1f/6985_20250307_101724.mp4
67cac793dba1563e92a8db1f,6994_20250307_101724.mp4,300,6994,2025-03-07 10:17:24,test_occurrences/video/67cac793dba1563e92a8db1f/6994_20250307_101724.mp4
67cac793dba1563e92a8db1f,6991_20250307_101724.mp4,300,6991,2025-03-07 10:17:24,test_occurrences/video/67cac793dba1563e92a8db1f/6991_20250307_101724.mp4
67cac793dba1563e92a8db1f,6988_20250307_101724.mp4,300,6988,2025-03-07 10:17:24,test_occurrences/video/67cac793dba1563e92a8db1f/6988_20250307_101724.mp4
67cac793dba1563e92a8db1f,6990_20250307_101724.mp4,300,6990,2025-03-07 10:17:24,test_occurrences/video/67cac793dba1563e92a8db1f/6990_20250307_101724.mp4
67cac793dba1563e92a8db1f,6989_20250307_101724.mp4,300,6989,2025-03-07 10:17:24,test_occurrences/video/67cac793dba1563e92a8db1f/6989_20250307_101724.mp4
67cac793dba1563e92a8db1f,6993_20250307_101724.mp4,300,6993,2025-03-07 10:17:24,test_occurrences/video/67cac793dba1563e92a8db1f/6993_20250307_101724.mp4
67cac793dba1563e92a8db1f,6992_20250307_101724.mp4,300,6992,2025-03-07 10:17:24,test_occurrences/video/67cac793dba1563e92a8db1f/6992_20250307_101724.mp4
67c9f723dba1563e92941ca6,47155_20250306_193009.mp4,69,47155,2025-03-06 19:30:09,test_occurrences/video/67c9f723dba1563e92941ca6/47155_20250306_193009.mp4
67c9f723dba1563e92941ca6,47156_20250306_193009.mp4,69,47156,2025-03-06 19:30:09,test_occurrences/video/67c9f723dba1563e92941ca6/47156_20250306_193009.mp4
67c9f723dba1563e92941ca6,47157_20250306_193009.mp4,69,47157,2025-03-06 19:30:09,test_occurrences/video/67c9f723dba1563e92941ca6/47157_20250306_193009.mp4
67c9f723dba1563e92941ca6,47158_20250306_193009.mp4,69,47158,2025-03-06 19:30:09,test_occurrences/video/67c9f723dba1563e92941ca6/47158_20250306_193009.mp4
67c9f723dba1563e92941ca6,47159_20250306_193009.mp4,69,47159,2025-03-06 19:30:09,test_occurrences/video/67c9f723dba1563e92941ca6/47159_20250306_193009.mp4
67c9f723dba1563e92941ca6,47162_20250306_193009.mp4,69,47162,2025-03-06 19:30:09,test_occurrences/video/67c9f723dba1563e92941ca6/47162_20250306_193009.mp4
67c9f723dba1563e92941ca6,47160_20250306_193009.mp4,69,47160,2025-03-06 19:30:09,test_occurrences/video/67c9f723dba1563e92941ca6/47160_20250306_193009.mp4
67c9f723dba1563e92941ca6,47161_20250306_193009.mp4,69,47161,2025-03-06 19:30:09,test_occurrences/video/67c9f723dba1563e92941ca6/47161_20250306_193009.mp4
67b5fb14120b2709fd4ca161,6890_20250219_153816.mp4,300,6890,2025-02-19 15:38:16,test_occurrences/video/67b5fb14120b2709fd4ca161/6890_20250219_153816.mp4
67b5fb14120b2709fd4ca161,6889_20250219_153816.mp4,300,6889,2025-02-19 15:38:16,test_occurrences/video/67b5fb14120b2709fd4ca161/6889_20250219_153816.mp4
67b5fb14120b2709fd4ca161,6885_20250219_153904.mp4,40,6885,2025-02-19 15:39:04,test_occurrences/video/67b5fb14120b2709fd4ca161/6885_20250219_153904.mp4
67b5fb14120b2709fd4ca161,6891_20250219_153816.mp4,300,6891,2025-02-19 15:38:16,test_occurrences/video/67b5fb14120b2709fd4ca161/6891_20250219_153816.mp4
67b5fb14120b2709fd4ca161,6884_20250219_153904.mp4,40,6884,2025-02-19 15:39:04,test_occurrences/video/67b5fb14120b2709fd4ca161/6884_20250219_153904.mp4
67b5fb14120b2709fd4ca161,6888_20250219_153816.mp4,300,6888,2025-02-19 15:38:16,test_occurrences/video/67b5fb14120b2709fd4ca161/6888_20250219_153816.mp4
67b5fb14120b2709fd4ca161,6887_20250219_153904.mp4,40,6887,2025-02-19 15:39:04,test_occurrences/video/67b5fb14120b2709fd4ca161/6887_20250219_153904.mp4
67b5fb14120b2709fd4ca161,6892_20250219_153816.mp4,300,6892,2025-02-19 15:38:16,test_occurrences/video/67b5fb14120b2709fd4ca161/6892_20250219_153816.mp4
67b5fb14120b2709fd4ca161,6886_20250219_153904.mp4,40,6886,2025-02-19 15:39:04,test_occurrences/video/67b5fb14120b2709fd4ca161/6886_20250219_153904.mp4
67b5fb14120b2709fd4ca161,6893_20250219_153816.mp4,300,6893,2025-02-19 15:38:16,test_occurrences/video/67b5fb14120b2709fd4ca161/6893_20250219_153816.mp4
67b5fb14120b2709fd4ca161,6895_20250219_153816.mp4,300,6895,2025-02-19 15:38:16,test_occurrences/video/67b5fb14120b2709fd4ca161/6895_20250219_153816.mp4
67b5fb14120b2709fd4ca161,6894_20250219_153816.mp4,300,6894,2025-02-19 15:38:16,test_occurrences/video/67b5fb14120b2709fd4ca161/6894_20250219_153816.mp4
67b5fb14120b2709fd4ca161,6898_20250219_153904.mp4,40,6898,2025-02-19 15:39:04,test_occurrences/video/67b5fb14120b2709fd4ca161/6898_20250219_153904.mp4
67b5fb14120b2709fd4ca161,6897_20250219_153816.mp4,299,6897,2025-02-19 15:38:16,test_occurrences/video/67b5fb14120b2709fd4ca161/6897_20250219_153816.mp4
67b5fb14120b2709fd4ca161,6896_20250219_153816.mp4,300,6896,2025-02-19 15:38:16,test_occurrences/video/67b5fb14120b2709fd4ca161/6896_20250219_153816.mp4
67b5fb14120b2709fd4ca161,6883_20250219_153904.mp4,40,6883,2025-02-19 15:39:04,test_occurrences/video/67b5fb14120b2709fd4ca161/6883_20250219_153904.mp4
67b5fb14120b2709fd4ca161,6897_20250219_153904.mp4,40,6897,2025-02-19 15:39:04,test_occurrences/video/67b5fb14120b2709fd4ca161/6897_20250219_153904.mp4
67b5fb14120b2709fd4ca161,6883_20250219_153816.mp4,300,6883,2025-02-19 15:38:16,test_occurrences/video/67b5fb14120b2709fd4ca161/6883_20250219_153816.mp4
67b5fb14120b2709fd4ca161,6896_20250219_153904.mp4,40,6896,2025-02-19 15:39:04,test_occurrences/video/67b5fb14120b2709fd4ca161/6896_20250219_153904.mp4
67b5fb14120b2709fd4ca161,6895_20250219_153904.mp4,40,6895,2025-02-19 15:39:04,test_occurrences/video/67b5fb14120b2709fd4ca161/6895_20250219_153904.mp4
67b5fb14120b2709fd4ca161,6894_20250219_153904.mp4,40,6894,2025-02-19 15:39:04,test_occurrences/video/67b5fb14120b2709fd4ca161/6894_20250219_153904.mp4
67b5fb14120b2709fd4ca161,6898_20250219_153816.mp4,300,6898,2025-02-19 15:38:16,test_occurrences/video/67b5fb14120b2709fd4ca161/6898_20250219_153816.mp4
67b5fb14120b2709fd4ca161,6892_20250219_153904.mp4,40,6892,2025-02-19 15:39:04,test_occurrences/video/67b5fb14120b2709fd4ca161/6892_20250219_153904.mp4
67b5fb14120b2709fd4ca161,6887_20250219_153816.mp4,300,6887,2025-02-19 15:38:16,test_occurrences/video/67b5fb14120b2709fd4ca161/6887_20250219_153816.mp4
67b5fb14120b2709fd4ca161,6893_20250219_153904.mp4,40,6893,2025-02-19 15:39:04,test_occurrences/video/67b5fb14120b2709fd4ca161/6893_20250219_153904.mp4
67b5fb14120b2709fd4ca161,6886_20250219_153816.mp4,300,6886,2025-02-19 15:38:16,test_occurrences/video/67b5fb14120b2709fd4ca161/6886_20250219_153816.mp4
67b5fb14120b2709fd4ca161,6889_20250219_153904.mp4,40,6889,2025-02-19 15:39:04,test_occurrences/video/67b5fb14120b2709fd4ca161/6889_20250219_153904.mp4
67b5fb14120b2709fd4ca161,6885_20250219_153816.mp4,300,6885,2025-02-19 15:38:16,test_occurrences/video/67b5fb14120b2709fd4ca161/6885_20250219_153816.mp4
67b5fb14120b2709fd4ca161,6891_20250219_153905.mp4,40,6891,2025-02-19 15:39:05,test_occurrences/video/67b5fb14120b2709fd4ca161/6891_20250219_153905.mp4
67b5fb14120b2709fd4ca161,6890_20250219_153905.mp4,40,6890,2025-02-19 15:39:05,test_occurrences/video/67b5fb14120b2709fd4ca161/6890_20250219_153905.mp4
67b5fb14120b2709fd4ca161,6884_20250219_153816.mp4,300,6884,2025-02-19 15:38:16,test_occurrences/video/67b5fb14120b2709fd4ca161/6884_20250219_153816.mp4
67b5fb14120b2709fd4ca161,6888_20250219_153904.mp4,40,6888,2025-02-19 15:39:04,test_occurrences/video/67b5fb14120b2709fd4ca161/6888_20250219_153904.mp4
67ca8270dba1563e9261e6e7,32099_20250307_052214.mp4,68,32099,2025-03-07 05:22:14,test_occurrences/video/67ca8270dba1563e9261e6e7/32099_20250307_052214.mp4
67ca8270dba1563e9261e6e7,32098_20250307_052214.mp4,68,32098,2025-03-07 05:22:14,test_occurrences/video/67ca8270dba1563e9261e6e7/32098_20250307_052214.mp4
67ca8270dba1563e9261e6e7,32100_20250307_052214.mp4,68,32100,2025-03-07 05:22:14,test_occurrences/video/67ca8270dba1563e9261e6e7/32100_20250307_052214.mp4
67ca8270dba1563e9261e6e7,32101_20250307_052215.mp4,68,32101,2025-03-07 05:22:15,test_occurrences/video/67ca8270dba1563e9261e6e7/32101_20250307_052215.mp4
67ca8270dba1563e9261e6e7,32102_20250307_052215.mp4,68,32102,2025-03-07 05:22:15,test_occurrences/video/67ca8270dba1563e9261e6e7/32102_20250307_052215.mp4
67ca8270dba1563e9261e6e7,32097_20250307_052214.mp4,68,32097,2025-03-07 05:22:14,test_occurrences/video/67ca8270dba1563e9261e6e7/32097_20250307_052214.mp4
67ca8270dba1563e9261e6e7,32096_20250307_052214.mp4,68,32096,2025-03-07 05:22:14,test_occurrences/video/67ca8270dba1563e9261e6e7/32096_20250307_052214.mp4
67ca8270dba1563e9261e6e7,32095_20250307_052214.mp4,68,32095,2025-03-07 05:22:14,test_occurrences/video/67ca8270dba1563e9261e6e7/32095_20250307_052214.mp4
67c2983bb86e1166651cfe01,6436_20250301_051709.mp4,300,6436,2025-03-01 05:17:09,test_occurrences/video/67c2983bb86e1166651cfe01/6436_20250301_051709.mp4
67c2983bb86e1166651cfe01,6435_20250301_051708.mp4,300,6435,2025-03-01 05:17:08,test_occurrences/video/67c2983bb86e1166651cfe01/6435_20250301_051708.mp4
67c2983bb86e1166651cfe01,6440_20250301_051712.mp4,300,6440,2025-03-01 05:17:12,test_occurrences/video/67c2983bb86e1166651cfe01/6440_20250301_051712.mp4
67c2983bb86e1166651cfe01,6441_20250301_051713.mp4,300,6441,2025-03-01 05:17:13,test_occurrences/video/67c2983bb86e1166651cfe01/6441_20250301_051713.mp4
67c2983bb86e1166651cfe01,6438_20250301_051711.mp4,300,6438,2025-03-01 05:17:11,test_occurrences/video/67c2983bb86e1166651cfe01/6438_20250301_051711.mp4
67c2983bb86e1166651cfe01,6439_20250301_051711.mp4,300,6439,2025-03-01 05:17:11,test_occurrences/video/67c2983bb86e1166651cfe01/6439_20250301_051711.mp4
67c2983bb86e1166651cfe01,6437_20250301_051710.mp4,300,6437,2025-03-01 05:17:10,test_occurrences/video/67c2983bb86e1166651cfe01/6437_20250301_051710.mp4
